CDR3,count,relative.frequency
CANQAGTALIF,6,0.0952380952381
CASGGSYIPTF,4,0.0634920634921
CDLHIQHKELNLPFDRAVFKHSFCRICKWTF,2,0.031746031746
CGCENSGGSNYKLTF,3,0.047619047619
CGTANGRLHFHAVHFMRTLPTGSVDPNF,2,0.031746031746
CLTAPRLTLMSLIKMMLVMVSVAAISKTF,2,0.031746031746
CNGVTYGMNTGGTIDKLTF,3,0.047619047619
CQTGANNLFF,28,0.444444444444
CQTGANSLFF,2,0.031746031746
CRVSLFLSMALCLLLRLFVFRLLRLKRF,2,0.031746031746
CVHGTEVGGREVMHGSCDVEGAETGF,2,0.031746031746
CVPEDGTANGRLHFHAVHFMRTLPTGSVDPNF,3,0.047619047619
CVVKGVGSLLLVADVGSATGGPGSVLGGF,2,0.031746031746
CVVMSVFFNLIVVIITQSIHISNHRIF,2,0.031746031746
