022dd75d-0977-40b5-8804-bf0a281c149b_gdc_realn_rehead.offtarget.cov,0
06ab660e-2766-4c97-8f2e-b8495ddc0880_gdc_realn_rehead.offtarget.cov,0
0839fb75-93a3-4aad-a638-313028e90f23_gdc_realn_rehead.offtarget.cov,0
0ade1371-b218-4f01-a39e-b503d30d24e0_gdc_realn_rehead.offtarget.cov,0
0afa74a0-7a7c-4b48-a253-45070049ceea_gdc_realn_rehead.offtarget.cov,0
0b684455-659e-480d-9b27-7632f71d67db_gdc_realn_rehead.offtarget.cov,0
0e0dd65a-4a41-4f6c-9ff9-d3cea84de4d7_gdc_realn_rehead.offtarget.cov,0
0e41df612857dbc6059e6160e3b6026d.offtarget.cov,0.56164
0f3494df-6f55-4e6e-8e67-b7bfdecc8dec_gdc_realn_rehead.offtarget.cov,0
13bddb12-c433-41d4-9953-eda7edaf5efe_gdc_realn_rehead.offtarget.cov,0
186c563eb5322146d6e258227b27712b.offtarget.cov,1.4109
1a2c9e96-f861-4da0-b1b4-ad15baf85d4e_gdc_realn_rehead.offtarget.cov,0
1b43fc14-febe-4994-b814-fd9ad938bd0f_gdc_realn_rehead.offtarget.cov,0
1bc73950-9b27-4e14-a152-2cca34397565_gdc_realn_rehead.offtarget.cov,0
1c356cd8-5f5b-4357-90ea-d2d23109e284_gdc_realn_rehead.offtarget.cov,0
1cafa993-5138-448f-8a4e-d51d6c38cb28_gdc_realn_rehead.offtarget.cov,0
1d62f45d-8b34-4bd2-8df5-67f3099282dd_gdc_realn_rehead.offtarget.cov,0
1e8ff09a-a87f-4736-b36a-dd1c41cd188b_gdc_realn_rehead.offtarget.cov,0
1fa9830e-07e1-4506-a7ff-bafbc430ffdd_gdc_realn_rehead.offtarget.cov,0
200313ec-9822-4203-a4f4-c91f602ac99c_gdc_realn_rehead.offtarget.cov,0
201beb6e-8c73-432e-aafd-893e44ad6163_gdc_realn_rehead.offtarget.cov,0
232004bd-7fe6-427a-b4c4-cf5e6b4f1759_gdc_realn_rehead.offtarget.cov,0
23221ebb-100c-4e28-bf4e-0f164a8ed50a_gdc_realn_rehead.offtarget.cov,0
2360a9b2-fe19-42a6-b802-dcc88adcc1a5_gdc_realn_rehead.offtarget.cov,0
2413c9ab-2c1b-4cb8-87b3-49534ab59d79_gdc_realn_rehead.offtarget.cov,0
25b934fcc8f9dc0711a504c352c80616.offtarget.cov,0.775879
26cdbfd9-801b-42fd-84e7-a8c177f0bd8b_gdc_realn_rehead.offtarget.cov,0
291c515a-0c08-4f00-ad1a-13b6ec6fb982_gdc_realn_rehead.offtarget.cov,0
2968a0ca-b550-40e7-8da5-cf771936f77a_gdc_realn_rehead.offtarget.cov,0
2a8cf710-6197-4a1c-b7b3-97bbb975c715_gdc_realn_rehead.offtarget.cov,0
2b9f6e1a-1b6c-4c33-8c21-7fe7ac515294_gdc_realn_rehead.offtarget.cov,0
2c677a6e-2c90-4b16-aca8-6c277f0fece6_gdc_realn_rehead.offtarget.cov,0
2f107360-f95d-4edb-821e-f5db5f97453a_gdc_realn_rehead.offtarget.cov,0
2f973de3-769b-4ab3-8633-c1eb2f53a67f_gdc_realn_rehead.offtarget.cov,0
2f9b92f8-8c19-41e3-896c-42f383616055_gdc_realn_rehead.offtarget.cov,0
306ab2bba3fce80857e4dcd5fd980a91.offtarget.cov,1.20215
330778ac85ddcec84eca203e62642108.offtarget.cov,0.915948
337afcb4-52a9-4819-8b35-eb46d34f775e_gdc_realn_rehead.offtarget.cov,0
344403b9-e960-4d21-8094-c64c6c21feac_gdc_realn_rehead.offtarget.cov,0
37148380-3155-46a5-bc73-d79cf0549e87_gdc_realn_rehead.offtarget.cov,0
39b27f76-9e10-4284-b5dc-7b5a554dfe26_gdc_realn_rehead.offtarget.cov,0
3b3fd518637430ae70371bc419d932c4.offtarget.cov,2.25836
3b50841d-fd1b-4f40-85db-db97403b3411_gdc_realn_rehead.offtarget.cov,0
3ba5a8a0e4a51a4dcef4fa0aca856f48.offtarget.cov,2.95756
3bda51f4-6075-4f3c-a8ca-92b72d0d8e73_gdc_realn_rehead.offtarget.cov,0
3cf10dbd-0f15-4a50-8980-8959deb38538_gdc_realn_rehead.offtarget.cov,0
3ea7a215-73c4-4e11-94f3-2aa03325349e_gdc_realn_rehead.offtarget.cov,0
418985cf-3f58-4673-9303-961204e7c470_gdc_realn_rehead.offtarget.cov,0
41abd1be-c073-4bca-9133-215bf70f579a_gdc_realn_rehead.offtarget.cov,0
441fc7e7-d77a-4cfb-bb94-08c5cbf43e10_gdc_realn_rehead.offtarget.cov,0
444742fb-f08e-45a8-9f31-b265a34deff7_gdc_realn_rehead.offtarget.cov,0
454e39689782962a5b86c5d630da5472.offtarget.cov,0.862712
46a22381-f8d1-40d3-9be4-8b48be4d0e86_gdc_realn_rehead.offtarget.cov,0
481e7b1a-4750-46e9-a326-7c515fe80bc6_gdc_realn_rehead.offtarget.cov,0
49e98347-78bc-46bb-ba9a-895ec6cee19a_gdc_realn_rehead.offtarget.cov,0
4bcb9553-89a1-43b8-87ed-c734bcaccb42_gdc_realn_rehead.offtarget.cov,0
4c5ead4f-f096-40af-ad34-90b0eb4d3b8f_gdc_realn_rehead.offtarget.cov,0
4d94d6b6-0ea3-4f5e-9b41-ac1618e7629f_gdc_realn_rehead.offtarget.cov,0
4e3283f8-1bb1-452f-b065-2de234d759d7_gdc_realn_rehead.offtarget.cov,0
514c92d6a709c62bab935a48309dc606.offtarget.cov,1.77097
517b7d48-b56f-4669-9ac9-a2ebd38f62c0_gdc_realn_rehead.offtarget.cov,0
55427b1d-4160-45fd-a5d4-a72d724e87b4_gdc_realn_rehead.offtarget.cov,0
56089d6d-8b99-4325-8e68-e91d78b56322_gdc_realn_rehead.offtarget.cov,0
57b7eeb8-5a64-4780-aa48-49ae8f168ad6_gdc_realn_rehead.offtarget.cov,0
57d37bbc-2be0-4af4-b946-7e876c5d698a_gdc_realn_rehead.offtarget.cov,0
57dc603f-e1c0-4fc0-9ed9-76dd5b6f9bd4_gdc_realn_rehead.offtarget.cov,0
5a5439dd-fc39-4514-be27-7ca9c006a3da_gdc_realn_rehead.offtarget.cov,0
5b7b5b7c4892052d4cf8f97800fbb3b7.offtarget.cov,0.7684
5d9ee8ea-0c7c-4183-9fa3-5d7ef423fd7a_gdc_realn_rehead.offtarget.cov,0
5e349b4a49c6ac2cbb838e170a6a29b0.offtarget.cov,0.334622
60aede2a-3fb0-499d-9860-c4f63d1f540d_gdc_realn_rehead.offtarget.cov,0
6277c358b68c67bb3fcfd7a7515aa59b.offtarget.cov,1.42538
62d08a29bfd3d672ec5fa548d2ec208a.offtarget.cov,0.995135
64a624ae-5239-424e-8804-410a75cdae7f_gdc_realn_rehead.offtarget.cov,0
65839088-5527-4008-9232-142ee8e0e627_gdc_realn_rehead.offtarget.cov,0
66fceedb-f1e9-468c-af06-f2c19bbc44ee_gdc_realn_rehead.offtarget.cov,0
67295c38-9cc0-4492-b782-05f762173b63_gdc_realn_rehead.offtarget.cov,0
684e60d7cd74c16e5db250ced3a4438b.offtarget.cov,1.38766
6b7d7402-42f0-4511-937f-9462ef549ef6_gdc_realn_rehead.offtarget.cov,0
6bc88daf-bcd3-4343-9aa5-bb69a90d6503_gdc_realn_rehead.offtarget.cov,0
6c5a23c8-70b3-4bb3-842d-42b048978f1e_gdc_realn_rehead.offtarget.cov,0
6ce7ac63-a45e-4f8a-9520-0d22536fcd05_gdc_realn_rehead.offtarget.cov,0
6d42470b-3777-4edb-a2ec-0f2dc3089caa_gdc_realn_rehead.offtarget.cov,0
6dae1a17-70b1-4989-b591-ce1dec2ec802_gdc_realn_rehead.offtarget.cov,0
6dc766aa-8f14-45fb-9fda-91c3cad1b887_gdc_realn_rehead.offtarget.cov,0
6e3dbbf4-ea7c-438f-a944-55adb7c291d5_gdc_realn_rehead.offtarget.cov,0
7009dd2b-81da-4e36-ac29-5c17b96bfd69_gdc_realn_rehead.offtarget.cov,0
703063d9-d8a1-4ec4-8bc2-ba80456c9daf_gdc_realn_rehead.offtarget.cov,0
710df87f-9999-432b-9a4a-cdf6d698c093_gdc_realn_rehead.offtarget.cov,0
72281bd282e6874c6791000006028c6f.offtarget.cov,0.949967
73d26d1e-fbdf-46b0-80e2-f59f58daf6cb_gdc_realn_rehead.offtarget.cov,0
73fa499e-6036-49bb-9ae2-a1935a278dbf_gdc_realn_rehead.offtarget.cov,0
76a0703a-0540-4ca8-baa8-128a52b0846d_gdc_realn_rehead.offtarget.cov,0
78ef733f-6117-482b-9a45-93bd0366d0ee_gdc_realn_rehead.offtarget.cov,0
79c6d8ea-54c0-4bc4-bf52-1477b6c9d46c_gdc_realn_rehead.offtarget.cov,0
7da2c815-ea22-4e56-93a1-80b3f40b8017_gdc_realn_rehead.offtarget.cov,0
7e643be8-5454-42aa-ab67-1c77c8c55809_gdc_realn_rehead.offtarget.cov,0
7f37d4d0-be8b-4f0f-a2eb-d7368e279f04_gdc_realn_rehead.offtarget.cov,0
7fb5469e-68e2-4e37-85be-5e78259b66d1_gdc_realn_rehead.offtarget.cov,0
7fc80880-9530-489c-84a8-5994ce745892_gdc_realn_rehead.offtarget.cov,0
804a851a-a496-4139-b304-4fcbb4e466f8_gdc_realn_rehead.offtarget.cov,0
861a0fcf-4794-4437-9f95-714be338f3c8_gdc_realn_rehead.offtarget.cov,0
8851e1f8685d9a675e2822f3f78be5fe.offtarget.cov,1.62722
88559690f83459635b6059da3467cea0.offtarget.cov,1.57336
88df0f9768818d09d7279d778628eb30.offtarget.cov,0.685516
88e6af82-c26e-4a65-9cd2-97c6b78d25ee_gdc_realn_rehead.offtarget.cov,0
8a029484-0321-4f80-a941-37bbb91d41e6_gdc_realn_rehead.offtarget.cov,0
8ba08d5f-7688-4e6c-a244-62be20a4b644_gdc_realn_rehead.offtarget.cov,0
8ca1ceb0-da28-43de-b1df-afadf5360109_gdc_realn_rehead.offtarget.cov,0
8cbf17cb-67ca-492f-82be-e749ad6a4b98_gdc_realn_rehead.offtarget.cov,0
8e17bc34-5a3a-405d-b8fb-682e7d2b87fd_gdc_realn_rehead.offtarget.cov,0
8f84a752d7f5973527254df41ef35aaf.offtarget.cov,1.20593
90233afc-bc3f-450e-a96c-6f5b754d2749_gdc_realn_rehead.offtarget.cov,0
9223f026-93b0-42ca-9069-5cb40b1a34e8_gdc_realn_rehead.offtarget.cov,0
924207e4-46c5-40ed-b829-4a8fc925466d_gdc_realn_rehead.offtarget.cov,0
92a8a159-4328-4c84-9cf8-38e884b4b4fc_gdc_realn_rehead.offtarget.cov,0
92e95650-529d-4ca6-91c7-f466de4d0836_gdc_realn_rehead.offtarget.cov,0
9308cfb3-1931-4e3e-92ff-efba26874029_gdc_realn_rehead.offtarget.cov,0
93b27e4783c418b44b0754fbc5dab777.offtarget.cov,1.47925
9478d01a-af79-498e-aea6-406495acdb37_gdc_realn_rehead.offtarget.cov,0
94c3a049a4af3e73c5387c52a5ecc776.offtarget.cov,1.07188
94d02ca0-9544-4491-8cde-f73748465eeb_gdc_realn_rehead.offtarget.cov,0
9531ac98-fef6-4d7a-a444-ba83b7eb0f92_gdc_realn_rehead.offtarget.cov,0
975e9b3660d3ea88f5de0d650d5daefd.offtarget.cov,0.963138
9910c730-39be-4cf1-9007-1b3a9712a4f2_gdc_realn_rehead.offtarget.cov,0
9aaecc75-33ae-42e7-8cc9-806afd9f067a_gdc_realn_rehead.offtarget.cov,0
9b219189-feb7-42a2-81fd-c35fef0bb8db_gdc_realn_rehead.offtarget.cov,0
9ca830f3-ac0a-49a9-892d-878b1d593743_gdc_realn_rehead.offtarget.cov,0
9e6c829af95ef7aefb62645075b5d01f.offtarget.cov,2.45155
9fa6f4a57f818650b2a9b134804eac67.offtarget.cov,0.717804
9fd2752a-dc0e-4ac4-9149-39206980cba9_gdc_realn_rehead.offtarget.cov,0
a00aa459-e740-486f-a288-cf7e4ef3e241_gdc_realn_rehead.offtarget.cov,0
a139f37f-a62c-4722-9dc7-a15df478d791_gdc_realn_rehead.offtarget.cov,0
a3736f9a-6f21-4b60-82c9-fef598683885_gdc_realn_rehead.offtarget.cov,0
a4c45d2b-9067-4218-8428-1b7be3977ee1_gdc_realn_rehead.offtarget.cov,0
a50cdac5-77de-4120-bf4e-fa45415e389d_gdc_realn_rehead.offtarget.cov,0
aa44b29e-8a79-43ae-b8c4-8b7ffa8e07cc_gdc_realn_rehead.offtarget.cov,0
abe71233-5615-42a4-b2fd-8988f22c3ac9_gdc_realn_rehead.offtarget.cov,0
ac92ae82-c416-4812-93e1-9f3def081381_gdc_realn_rehead.offtarget.cov,0
ad779f07-1d5e-4720-be52-4d031146349f_gdc_realn_rehead.offtarget.cov,0
afbbc370-5970-43d3-b9f8-f40f8e649bb6_gdc_realn_rehead.offtarget.cov,0
b01d1831ce6dc27633173eeaffe449b2.offtarget.cov,0.637978
b0363f34-ad46-42b2-be94-eec3be39160b_gdc_realn_rehead.offtarget.cov,0
b04cbefe-48d2-40ca-9230-18566adbe9ee_gdc_realn_rehead.offtarget.cov,0
b08c0135b078944c9f4556b3ebf17e3b.offtarget.cov,2.19841
b1f4f89a47c188cbfbf80e23d8644acf.offtarget.cov,2.84072
b62181ac-22b7-452d-8055-313a8fd9b740_gdc_realn_rehead.offtarget.cov,0
b9e8308b-72b2-42e0-91cd-06dd2d026ba3_gdc_realn_rehead.offtarget.cov,0
bd151a41-d4db-4044-9e5d-6c7df9282353_gdc_realn_rehead.offtarget.cov,0
be086d64-2023-4de5-b300-798b05b296fc_gdc_realn_rehead.offtarget.cov,0
c292261b-d8e9-4245-936a-884d0c5f2544_gdc_realn_rehead.offtarget.cov,0
c2b6665c221630e70c7bd47b32d5d7f9.offtarget.cov,1.08016
C347.TCGA-05-4244-01A-01D-1105-08.5.offtarget.cov,0.404484
C347.TCGA-05-4420-01A-01D-1265-08.3.offtarget.cov,0.309352
C347.TCGA-05-4430-01A-02D-1265-08.3.offtarget.cov,0.301076
C347.TCGA-17-Z004-01A-01W-0746-08.1.offtarget.cov,1.95165
C347.TCGA-17-Z014-01A-01W-0746-08.1.offtarget.cov,0
C347.TCGA-18-3407-01A-01D-0983-08.16.offtarget.cov,2.09507
C347.TCGA-18-3408-01A-01D-0983-08.16.offtarget.cov,2.13482
C347.TCGA-18-3409-01A-01D-0983-08.17.offtarget.cov,2.27652
C347.TCGA-18-3412-01A-01D-0983-08.17.offtarget.cov,2.32509
C347.TCGA-33-4582-01A-01D-1441-08.2.offtarget.cov,0.260845
C347.TCGA-34-5240-01A-01D-1441-08.2.offtarget.cov,0.379952
C347.TCGA-37-4129-01A-01D-1352-08.1.offtarget.cov,0.493091
C347.TCGA-37-4132-01A-01D-1352-08.3.offtarget.cov,0.521375
C347.TCGA-39-5028-01A-01D-1441-08.2.offtarget.cov,0.429401
C347.TCGA-44-2666-01A-21D-A27T-08.2.offtarget.cov,0.474545
C347.TCGA-44-3398-01A-01D-1105-08.5.offtarget.cov,0.366207
C347.TCGA-44-4112-01A-01D-A271-08.5.offtarget.cov,0.221225
C347.TCGA-44-4112-01A-22D-A27T-08.2.offtarget.cov,0.531182
C347.TCGA-46-3766-01A-01D-0983-08.18.offtarget.cov,2.3305
C347.TCGA-46-3769-01A-01D-0983-08.17.offtarget.cov,2.33445
C347.TCGA-49-4505-01A-01D-1931-08.1.offtarget.cov,0.754107
C347.TCGA-55-1592-01A-01D-0969-08.1.offtarget.cov,0.456287
C347.TCGA-55-1595-01A-01D-0969-08.1.offtarget.cov,0.895212
C347.TCGA-64-1676-01A-01D-0969-08.1.offtarget.cov,0.737709
C347.TCGA-64-1680-01A-02D-0969-08.1.offtarget.cov,0.446522
C347.TCGA-66-2754-01A-01D-0983-08.17.offtarget.cov,2.15533
C347.TCGA-66-2787-01A-01D-0983-08.19.offtarget.cov,2.09865
C347.TCGA-73-4658-01A-01D-1753-08.1.offtarget.cov,0.258558
C347.TCGA-73-4662-01A-01D-1265-08.3.offtarget.cov,0.28019
C347.TCGA-73-4677-01A-01D-1265-08.5.offtarget.cov,0.368522
c4b527da-7ddc-4bea-a3f0-45379f159c59_gdc_realn_rehead.offtarget.cov,0
c4c56341-9436-4ebe-a008-f822256db2d6_gdc_realn_rehead.offtarget.cov,0
C508.TCGA-21-1082-01A-01D-1521-08.3.offtarget.cov,0.425405
C508.TCGA-21-5782-01A-01D-1632-08.1.offtarget.cov,0.189179
C508.TCGA-22-5471-01A-01D-1632-08.1.offtarget.cov,0.184944
C508.TCGA-22-5474-01A-01D-1632-08.1.offtarget.cov,0.204927
C508.TCGA-22-5480-01A-01D-1632-08.1.offtarget.cov,0.170356
C508.TCGA-22-5492-01A-01D-1632-08.1.offtarget.cov,0.175103
C508.TCGA-33-6738-01A-11D-1945-08.5.offtarget.cov,0.253423
C508.TCGA-33-A5GW-01A-11D-A27K-08.3.offtarget.cov,0.305603
C508.TCGA-33-AASJ-01A-11D-A401-08.1.offtarget.cov,0.226696
C508.TCGA-33-AASL-01A-11D-A401-08.1.offtarget.cov,0.196135
C508.TCGA-34-2600-01A-01D-1522-08.5.offtarget.cov,0.39216
C508.TCGA-34-2608-01A-02D-1522-08.5.offtarget.cov,0.434948
C508.TCGA-34-5236-01A-21D-1817-08.2.offtarget.cov,0.278144
C508.TCGA-34-5239-01A-21D-1817-08.2.offtarget.cov,0.293068
C508.TCGA-34-5928-01A-11D-1817-08.2.offtarget.cov,0.331123
C508.TCGA-34-8454-01A-11D-2323-08.2.offtarget.cov,0.268106
C508.TCGA-34-A5IX-01A-12D-A27K-08.3.offtarget.cov,0.271539
C508.TCGA-39-5019-01A-01D-1817-08.2.offtarget.cov,0.31494
C508.TCGA-43-2578-01A-01D-1522-08.5.offtarget.cov,0.44525
C508.TCGA-43-6771-01A-11D-1817-08.2.offtarget.cov,0.291798
C508.TCGA-43-A474-01A-11D-A24D-08.1.offtarget.cov,0.243899
C508.TCGA-51-4079-01A-01D-1458-08.6.offtarget.cov,1.17707
C508.TCGA-56-8304-01A-11D-2323-08.5.offtarget.cov,0.248519
C508.TCGA-56-8308-01A-11D-2293-08.2.offtarget.cov,0.287102
C508.TCGA-56-8623-01A-11D-2395-08.1.offtarget.cov,0.287252
C508.TCGA-56-8626-01A-11D-2395-08.2.offtarget.cov,0.311921
C508.TCGA-56-A5DR-01A-11D-A27K-08.3.offtarget.cov,0.266995
C508.TCGA-60-2713-01A-01D-1522-08.5.offtarget.cov,0.396697
C508.TCGA-63-A5MB-01A-11D-A26M-08.3.offtarget.cov,0.3889
C508.TCGA-66-2780-01A-01D-1522-08.5.offtarget.cov,0.386458
C508.TCGA-77-8145-01A-11D-2244-08.1.offtarget.cov,0.715563
C508.TCGA-77-8153-01A-11D-2395-08.1.offtarget.cov,0.329961
C508.TCGA-85-8070-01A-11D-2244-08.1.offtarget.cov,0.26029
C508.TCGA-85-8582-01A-21D-2395-08.1.offtarget.cov,0.318695
C508.TCGA-85-A4CN-01A-11D-A24D-08.1.offtarget.cov,0.194466
C508.TCGA-94-A4VJ-01A-11D-A257-08.1.offtarget.cov,0.292816
C508.TCGA-98-8023-01A-11D-2244-08.1.offtarget.cov,0.268514
C508.TCGA-LA-A7SW-01A-11D-A401-08.1.offtarget.cov,0.203577
C508.TCGA-LUSC-2703-TP-11D-2042-08.5.offtarget.cov,0.227332
C508.TCGA-LUSC-4609-TP-21D-2122-08.3.offtarget.cov,0.254966
C508.TCGA-LUSC-6867-TP-11D-2042-08.10.offtarget.cov,0.231332
C508.TCGA-LUSC-7696-TP-11D-2122-08.4.offtarget.cov,0.234321
C508.TCGA-LUSC-7710-TP-11D-2122-08.3.offtarget.cov,0.218535
C508.TCGA-LUSC-7809-TP-21D-2122-08.3.offtarget.cov,0.244705
C508.TCGA-LUSC-7964-TP-21D-2184-08.2.offtarget.cov,0.276902
C508.TCGA-NC-A5HE-01A-11D-A26M-08.3.offtarget.cov,0.209095
C508.TCGA-NC-A5HN-01A-11D-A26M-08.3.offtarget.cov,0.212935
C508.TCGA-NK-A5D1-01A-11D-A26M-08.5.offtarget.cov,0.190169
C509.TCGA-05-5423-01A-01D-1625-08.1.offtarget.cov,0.190068
C509.TCGA-44-5643-01A-01D-1625-08.1.offtarget.cov,0.186389
C509.TCGA-44-6778-01A-11D-1855-08.2.offtarget.cov,0.308507
C509.TCGA-44-7667-01A-31D-2063-08.1.offtarget.cov,0.2296
C509.TCGA-44-7669-01A-21D-2063-08.3.offtarget.cov,0.261593
C509.TCGA-44-A4SS-01A-11D-A24P-08.3.offtarget.cov,0.301881
C509.TCGA-49-4487-01A-21D-1855-08.2.offtarget.cov,0.288783
C509.TCGA-53-7624-01A-11D-2063-08.1.offtarget.cov,0.249943
C509.TCGA-55-6968-01A-11D-1945-08.3.offtarget.cov,0.238387
C509.TCGA-55-6978-01A-11D-1945-08.3.offtarget.cov,0.258309
C509.TCGA-55-7994-01A-11D-2184-08.1.offtarget.cov,0.290136
C509.TCGA-55-8085-01A-11D-2238-08.1.offtarget.cov,0.34796
C509.TCGA-55-8090-01A-11D-2238-08.1.offtarget.cov,0.301858
C509.TCGA-55-8299-01A-11D-2284-08.5.offtarget.cov,0.528262
C509.TCGA-62-8395-01A-11D-2323-08.6.offtarget.cov,0.279856
C509.TCGA-69-7973-01A-11D-2184-08.1.offtarget.cov,0.236804
C509.TCGA-78-7155-01A-11D-2036-08.1.offtarget.cov,0.237895
C509.TCGA-80-5608-01A-31D-1945-08.5.offtarget.cov,0.314051
C509.TCGA-86-7711-01A-11D-2063-08.1.offtarget.cov,0.234164
C509.TCGA-86-8672-01A-21D-2393-08.2.offtarget.cov,0.297406
C509.TCGA-86-A456-01A-11D-A24D-08.2.offtarget.cov,0.224143
C509.TCGA-91-A4BD-01A-11D-A24D-08.1.offtarget.cov,0.231878
C509.TCGA-95-7039-01A-11D-1945-08.3.offtarget.cov,0.194243
C509.TCGA-95-7947-01A-11D-2184-08.1.offtarget.cov,0.270991
C509.TCGA-95-A4VP-01A-21D-A25L-08.4.offtarget.cov,0.290648
C509.TCGA-97-A4M6-01A-11D-A24P-08.3.offtarget.cov,0.249704
C509.TCGA-MP-A4TJ-01A-51D-A25L-08.2.offtarget.cov,0.309488
C529.TCGA-2A-AAYF-01A-11D-A41K-08.1.offtarget.cov,0.229101
C529.TCGA-CH-5750-01A-11D-1576-08.4.offtarget.cov,0.524513
C529.TCGA-CH-5792-01A-11D-1576-08.8.offtarget.cov,0.555301
C529.TCGA-EJ-5508-01A-02D-1576-08.4.offtarget.cov,0.445261
C529.TCGA-EJ-5517-01A-01D-1576-08.4.offtarget.cov,0.474372
C529.TCGA-EJ-5518-01A-01D-1576-08.8.offtarget.cov,0.357247
C529.TCGA-EJ-5530-01A-01D-1576-08.9.offtarget.cov,0.3843
C529.TCGA-EJ-7312-01B-21D-A32B-08.4.offtarget.cov,1.82681
C529.TCGA-EJ-7315-01A-31D-2114-08.1.offtarget.cov,0.534752
C529.TCGA-EJ-7331-01A-11D-2114-08.1.offtarget.cov,0.270177
C529.TCGA-EJ-7788-01A-11D-2114-08.1.offtarget.cov,0.261856
C529.TCGA-EJ-8470-01A-11D-2395-08.2.offtarget.cov,0.46044
C529.TCGA-G9-6347-01A-11D-A31L-08.3.offtarget.cov,0.254908
C529.TCGA-G9-6361-01A-21D-1961-08.2.offtarget.cov,0.269444
C529.TCGA-HC-7080-01A-11D-1961-08.2.offtarget.cov,0.304802
C529.TCGA-HC-7211-01A-11D-2114-08.2.offtarget.cov,0.398157
C529.TCGA-HC-7740-01A-11D-2114-08.1.offtarget.cov,0.301882
C529.TCGA-HC-7744-01A-11D-2114-08.1.offtarget.cov,0.70441
C529.TCGA-HC-7748-01A-11D-2114-08.2.offtarget.cov,0.26032
C529.TCGA-HC-A632-01A-11D-A29Q-08.2.offtarget.cov,0.285993
C529.TCGA-HC-A6AQ-01A-11D-A30E-08.1.offtarget.cov,0.28589
C529.TCGA-HC-A76X-01A-11D-A33T-08.1.offtarget.cov,0.183603
C529.TCGA-J4-A83I-01A-11D-A364-08.1.offtarget.cov,0.263809
C529.TCGA-J4-A83N-01A-11D-A34U-08.1.offtarget.cov,0.199865
C529.TCGA-J9-A52C-01A-11D-A26M-08.4.offtarget.cov,0.1789
C529.TCGA-J9-A52E-01A-11D-A26M-08.4.offtarget.cov,0.170173
C529.TCGA-KK-A59X-01A-11D-A29Q-08.2.offtarget.cov,0.334917
C529.TCGA-KK-A59Y-01A-11D-A26M-08.3.offtarget.cov,0.17169
C529.TCGA-KK-A6E0-01A-11D-A30X-08.1.offtarget.cov,0.167562
C529.TCGA-KK-A7AQ-01A-11D-A33T-08.1.offtarget.cov,0.19896
C529.TCGA-KK-A7B2-01A-12D-A32B-08.2.offtarget.cov,0.260887
C529.TCGA-KK-A8I4-01A-11D-A364-08.1.offtarget.cov,0.238576
C529.TCGA-KK-A8I6-01A-11D-A364-08.1.offtarget.cov,0.245351
C529.TCGA-KK-A8IH-01A-11D-A364-08.1.offtarget.cov,0.159376
C529.TCGA-KK-A8II-01A-11D-A364-08.1.offtarget.cov,0.16069
C529.TCGA-QU-A6IL-01A-11D-A31L-08.3.offtarget.cov,0.271172
C529.TCGA-V1-A8MM-01A-11D-A377-08.1.offtarget.cov,0.173747
C529.TCGA-V1-A8WS-01A-11D-A377-08.3.offtarget.cov,0.184953
C529.TCGA-V1-A8WW-01A-11D-A377-08.1.offtarget.cov,0.183864
C529.TCGA-V1-A9ZK-01A-11D-A41K-08.1.offtarget.cov,0.225942
C529.TCGA-VN-A88R-01A-11D-A364-08.1.offtarget.cov,0.146992
C529.TCGA-VP-A876-01A-11D-A34U-08.2.offtarget.cov,0.249596
C529.TCGA-VP-A879-01A-11D-A34U-08.1.offtarget.cov,0.301447
C529.TCGA-XK-AAJA-01A-11D-A41K-08.1.offtarget.cov,0.227402
C529.TCGA-XK-AAJU-01A-11D-A41K-08.2.offtarget.cov,0.235081
C529.TCGA-YL-A8S9-01A-11D-A377-08.1.offtarget.cov,0.197404
C529.TCGA-YL-A8SB-01A-31D-A377-08.1.offtarget.cov,0.227388
C529.TCGA-YL-A9WI-01A-11D-A377-08.1.offtarget.cov,0.190616
c61f5b76-f540-45c1-9d26-535c43bc821e_gdc_realn_rehead.offtarget.cov,0
c662eb1e-d0f9-4e36-b07a-1464ba06ff99_gdc_realn_rehead.offtarget.cov,0
C662.TCGA-44-6146-01A-21D-A27T-08.2.offtarget.cov,0.451717
C662.TCGA-44-6147-01A-21D-A27T-08.2.offtarget.cov,0.523664
C662.TCGA-44-6148-01A-11D-1753-08.4.offtarget.cov,0.206677
C662.TCGA-50-5931-01A-11D-1753-08.4.offtarget.cov,0.195375
C662.TCGA-50-5946-01A-11D-1753-08.4.offtarget.cov,0.222856
C662.TCGA-50-6592-01A-11D-1753-08.4.offtarget.cov,0.237793
C662.TCGA-55-6543-01A-11D-1753-08.4.offtarget.cov,0.281833
C662.TCGA-75-5126-01A-01D-1753-08.4.offtarget.cov,0.231226
c79fd4ee-51a2-4566-b6fd-7c883e5f09d6_gdc_realn_rehead.offtarget.cov,0
C828.TCGA-BF-A1Q0-01A-21D-A19A-08.2.offtarget.cov,0.214451
C828.TCGA-BF-A3DM-01A-11D-A20D-08.1.offtarget.cov,0.318436
C828.TCGA-BF-A9VF-01A-11D-A372-08.2.offtarget.cov,0.255263
C828.TCGA-BF-AAP8-01A-11D-A401-08.1.offtarget.cov,0.24
C828.TCGA-D3-A5GT-01A-12D-A30X-08.1.offtarget.cov,0.222245
C828.TCGA-D9-A3Z4-01A-11D-A23B-08.1.offtarget.cov,0.291276
C828.TCGA-EB-A24C-01A-11D-A197-08.2.offtarget.cov,0.224005
C828.TCGA-EB-A3XE-01A-12D-A23B-08.1.offtarget.cov,0.261315
C828.TCGA-EB-A3XF-01A-31D-A23B-08.1.offtarget.cov,0.272375
C828.TCGA-EB-A42Y-01A-12D-A24R-08.3.offtarget.cov,0.268676
C828.TCGA-EB-A430-01A-11D-A24R-08.3.offtarget.cov,0.310425
C828.TCGA-EB-A431-01A-11D-A25O-08.2.offtarget.cov,0.195465
C828.TCGA-EB-A44N-01A-11D-A25O-08.3.offtarget.cov,0.16251
C828.TCGA-EB-A44O-01A-11D-A25O-08.2.offtarget.cov,0.154981
C828.TCGA-EB-A44O-01A-11D-A25O-08.3.offtarget.cov,0.161985
C828.TCGA-EB-A4IS-01A-21D-A25O-08.3.offtarget.cov,0.191186
C828.TCGA-EB-A4OY-01A-11D-A25O-08.2.offtarget.cov,0.182491
C828.TCGA-EB-A4OY-01A-11D-A25O-08.3.offtarget.cov,0.189479
C828.TCGA-EB-A551-01A-21D-A27K-08.3.offtarget.cov,0.224394
C828.TCGA-EB-A6QY-01A-12D-A32N-08.3.offtarget.cov,2.07573
C828.TCGA-EB-A82C-01A-11D-A34U-08.1.offtarget.cov,0.309839
C828.TCGA-EB-A85J-01A-12D-A34U-08.1.offtarget.cov,0.308579
C828.TCGA-ER-A194-01A-11D-A197-08.1.offtarget.cov,0.222754
C828.TCGA-ER-A19T-01A-11D-A19A-08.3.offtarget.cov,0.26236
C828.TCGA-ER-A2NB-01A-12D-A196-08.1.offtarget.cov,0.260355
C828.TCGA-FR-A3R1-01A-11D-A23B-08.2.offtarget.cov,0.522656
C828.TCGA-FR-A728-01A-11D-A32N-08.3.offtarget.cov,1.75632
C828.TCGA-GF-A769-01A-32D-A32N-08.3.offtarget.cov,1.88179
C828.TCGA-GN-A269-01A-11D-A19A-08.1.offtarget.cov,0.234563
C828.TCGA-GN-A269-01A-11D-A19A-08.2.offtarget.cov,0.234563
C828.TCGA-GN-A4U5-01A-11D-A32N-08.3.offtarget.cov,1.85955
C828.TCGA-WE-A8K4-01A-12D-A372-08.1.offtarget.cov,0.212721
C828.TCGA-XV-AAZW-01A-12D-A401-08.1.offtarget.cov,0.204792
c89b1802-f617-46a0-8e28-af4e42e060f9_gdc_realn_rehead.offtarget.cov,0
c92b3b05-9cdf-4dba-8f8e-e12e82b8e9ec_gdc_realn_rehead.offtarget.cov,0
c9c65605-30a5-4fad-8193-b35621936764_gdc_realn_rehead.offtarget.cov,0
cb41fa4c-8c27-49b2-8070-593c6edccfc6_gdc_realn_rehead.offtarget.cov,0
cc68e6a2-0865-4656-80fb-2594a64ffba9_gdc_realn_rehead.offtarget.cov,0
cd0e8e79-5897-426d-803e-a6c3f1bbdfda_gdc_realn_rehead.offtarget.cov,0
cdceb01f-0ea0-46a3-a1da-9bd84479235c_gdc_realn_rehead.offtarget.cov,0
d1731e80-53bc-4225-9097-8d7e32aa173a_gdc_realn_rehead.offtarget.cov,0
d1986fd8-b966-4ace-ab1a-581a18ecbdbe_gdc_realn_rehead.offtarget.cov,0
d1ada222-b67f-47c0-b380-091eaab093b4_gdc_realn_rehead.offtarget.cov,0
d4f41f6d-7353-462d-ab1e-61adac431d8b_gdc_realn_rehead.offtarget.cov,0
dbaa4e7f-79fc-43ed-8258-f1f50110495d_gdc_realn_rehead.offtarget.cov,0
dcc908fd-afb3-48a7-9f48-d98355d50030_gdc_realn_rehead.offtarget.cov,0
ddd400df-3376-447a-859b-7415a679eb46_gdc_realn_rehead.offtarget.cov,0
de24d8b4-3113-480a-84bd-86d8f39560cf_gdc_realn_rehead.offtarget.cov,0
e0990992-6012-41ef-9db2-e0090973f822_gdc_realn_rehead.offtarget.cov,0
e345e4fc-a026-4f70-8e35-ec0a60dc6218_gdc_realn_rehead.offtarget.cov,0
e702f15d-8cd6-47ff-8b15-17acb7409821_gdc_realn_rehead.offtarget.cov,0
e9ba1277-0d5b-413a-b30b-ed5df883f036_gdc_realn_rehead.offtarget.cov,0
ebf6d5b9-6359-46d9-9e73-066a15b5f903_gdc_realn_rehead.offtarget.cov,0
ed5e8d92-a12a-4da5-8433-6016e8ce1f5f_gdc_realn_rehead.offtarget.cov,0
ee435154-da66-4069-a685-56b7f3763d70_gdc_realn_rehead.offtarget.cov,0
f0230c35-06f0-4ef2-ad92-cdead9cd3612_gdc_realn_rehead.offtarget.cov,0
f4f6d8c0-a78d-4ee1-93e1-48a8c9d23cb4_gdc_realn_rehead.offtarget.cov,0
f7139559-98fb-40a9-b53a-fbd6eff91646_gdc_realn_rehead.offtarget.cov,0
f7e760b7-9e86-4d22-b257-c0d4d6f0e439_gdc_realn_rehead.offtarget.cov,0
fa14f063-b1b6-4e56-9b5c-c9c1248f5d1f_gdc_realn_rehead.offtarget.cov,0
fa48365f-fe1b-44e6-94fc-c52b8a1ed7a0_gdc_realn_rehead.offtarget.cov,0
fa7246ef-c9ef-4494-9a5c-31b6eb90e802_gdc_realn_rehead.offtarget.cov,0
fb76cae1-8b63-4459-9c06-597dfd080a66_gdc_realn_rehead.offtarget.cov,0
fd89981a-e0ad-425b-a456-60edba4bd7a5_gdc_realn_rehead.offtarget.cov,0
feb08cb8-99b7-4527-baa7-2f37b9559d06_gdc_realn_rehead.offtarget.cov,0
ff888786-bde7-40a5-aa86-3bd2ed0f717b_gdc_realn_rehead.offtarget.cov,0
TCGA-A8-A095-01A-11W-A019-09_IlluminaGA-DNASeq_exome.offtarget.cov,2.65777
TCGA-AN-A0AT-01A-11D-A045-09_IlluminaGA-DNASeq_exome.offtarget.cov,1.36559
TCGA-AR-A1AK-01A-21D-A12Q-09_IlluminaGA-DNASeq_exome.offtarget.cov,1.11506
TCGA-B6-A0I8-01A-11W-A050-09_IlluminaGA-DNASeq_exome_1.offtarget.cov,1.93509
TCGA-BH-A0DV-01A-21D-A12Q-09_IlluminaGA-DNASeq_exome.offtarget.cov,0.898894
TCGA-C8-A1HM-01A-12D-A135-09_IlluminaGA-DNASeq_exome_1.offtarget.cov,1.23053
TCGA-E2-A15J-01A-11D-A12Q-09_IlluminaGA-DNASeq_exome.offtarget.cov,0.762814
TCGA-E2-A15R-01A-11D-A10Y-09_IlluminaGA-DNASeq_exome.offtarget.cov,0.912451
TCGA-E2-A1B4-01A-11D-A12Q-09_IlluminaGA-DNASeq_exome.offtarget.cov,1.02538
